year,N
1997,2093.744664
1998,2600.892138
1999,2133.795128
2000,1326.043036
2001,1797.107332
2002,896.1946298
2003,653.5512436
2004,1101.455251
2005,800.2461576
2006,798.0076381
2007,1009.747141
2008,294.803498
2009,851.6763889
2010,411.988587
2011,365.3394878
2012,442.7180037
2013,290.9292503
